{
    "n_bands_converge": 22,
    "occupation": [
        [
            1,
            1,
            1,
            1,
            1,
            1,
            1,
            1,
            1,
            0.9999999999999993,
            0.9999999999994962,
            0.9999999998841886,
            0.9999551797443901,
            0.9999551797443901,
            0.9991867277663735,
            1.2376223038816712e-6,
            7.66167968797165e-7,
            7.661679687970969e-7,
            9.149193208448976e-8,
            9.149193208448847e-8,
            5.784372680642077e-16,
            1.1323761750233282e-20,
            3.1347773454660847e-28,
            1.325943405071352e-30,
            1.0077965888458946e-30
        ],
        [
            1,
            1,
            1,
            1,
            1,
            1,
            1,
            1,
            1,
            1,
            0.9999931508420855,
            0.9999931508394788,
            0.9999919978543396,
            0.9999919978498398,
            0.969644646577783,
            0.9696446321023302,
            0.6530156504866822,
            0.6530155050516983,
            0.00845605721344635,
            0.008456051200111515,
            6.269135602675053e-23,
            6.269134718003045e-23,
            3.5342437842332756e-28,
            1.2814955029995675e-28,
            1.1147176690170192e-28
        ],
        [
            1,
            1,
            1,
            1,
            1,
            1,
            1,
            1,
            1,
            1,
            0.9999998989590593,
            0.9999998989590593,
            0.9999994082181591,
            0.9999994082181591,
            0.9999961224162144,
            0.9999961224142038,
            0.0006727036941182293,
            0.0006727031996306787,
            2.98419572721515e-12,
            2.984195727214588e-12,
            2.3220020323138206e-22,
            2.3220020323129954e-22,
            5.0408422322630356e-23,
            5.04084056618848e-23,
            1.283342330913271e-25
        ],
        [
            1,
            1,
            1,
            1,
            1,
            1,
            1,
            1,
            1,
            0.9999999999999858,
            0.999999999998956,
            0.999999999996529,
            0.9999925866352223,
            0.9999925866352223,
            0.6002079867800638,
            1.3204378245095904e-5,
            2.5105532895525557e-8,
            2.5105532895524488e-8,
            1.2023177691356873e-14,
            1.202317769135602e-14,
            3.6864110286306615e-17,
            6.678195843940309e-18,
            4.818828905567044e-18,
            2.940116061116521e-27,
            9.660123582714186e-31
        ],
        [
            1,
            1,
            1,
            1,
            1,
            1,
            1,
            1,
            0.9999999999999998,
            0.9999999999999998,
            0.9999999999722371,
            0.9999999999722371,
            0.9999501565866955,
            0.9999501565659945,
            0.6345530509949656,
            0.6345529057686974,
            0.5380302018592672,
            0.5380300478824693,
            0.0006621783264608076,
            0.0006621777789886672,
            1.0317593589942358e-11,
            1.0317592125329038e-11,
            6.154375137122305e-31,
            6.154363303949421e-31,
            2.1696427038962897e-39
        ],
        [
            1,
            1,
            1,
            1,
            1,
            1,
            1,
            1,
            0.9999999999999998,
            0.9999999999999998,
            0.9999999999993692,
            0.9999999999993692,
            0.9999913381229707,
            0.9999913381229707,
            0.29776972610603014,
            0.297769562064301,
            0.20313152784582228,
            0.2031313870235453,
            0.09019259262258336,
            0.0901925629072876,
            7.401560365068779e-6,
            7.401560365068621e-6,
            1.6692543311100343e-20,
            1.6692539528770533e-20,
            1.1675025158641082e-26
        ],
        [
            1,
            1,
            1,
            1,
            1,
            1,
            1,
            1,
            1,
            0.9999999999999993,
            0.9999999999994962,
            0.9999999998841882,
            0.9999551795021381,
            0.9999551795021381,
            0.999186725563182,
            1.237617029600128e-6,
            7.661642923044686e-7,
            7.661642923044441e-7,
            9.149142980041104e-8,
            9.149142980041005e-8,
            5.784307395335694e-16,
            1.1323715845600977e-20,
            3.134754020529059e-28,
            1.3260729208279205e-30,
            1.005651383449874e-30
        ],
        [
            1,
            1,
            1,
            1,
            1,
            1,
            1,
            1,
            1,
            1,
            0.9999931508086052,
            0.9999931508059987,
            0.9999919978162244,
            0.999991997811725,
            0.9696444936063672,
            0.9696444791308497,
            0.6530135910526572,
            0.6530134456173317,
            0.008456010824724861,
            0.008456004811424493,
            6.269115792793866e-23,
            6.269114908126035e-23,
            3.5342316493096777e-28,
            1.4516993715801633e-28,
            1.114712821580195e-28
        ],
        [
            1,
            1,
            1,
            1,
            1,
            1,
            1,
            1,
            1,
            1,
            0.9999998989585621,
            0.9999998989585621,
            0.9999994082149881,
            0.9999994082149881,
            0.9999961224026713,
            0.9999961224006607,
            0.0006726964607224852,
            0.0006726959662403895,
            2.984178909738198e-12,
            2.984178909736936e-12,
            2.321991806393531e-22,
            2.3219918063895055e-22,
            5.040820011944725e-23,
            5.0408183314877513e-23,
            1.2833350401011174e-25
        ],
        [
            1,
            1,
            1,
            1,
            1,
            1,
            1,
            1,
            1,
            0.9999999999999858,
            0.999999999998956,
            0.999999999996529,
            0.9999925865977628,
            0.9999925865977628,
            0.6002070232764359,
            1.3204332075041408e-5,
            2.510539517732223e-8,
            2.5105395177320894e-8,
            1.2023110567999454e-14,
            1.2023110567999711e-14,
            3.686404691238382e-17,
            6.678120438634979e-18,
            4.818816001927262e-18,
            2.9402321732092804e-27,
            9.660081688005557e-31
        ],
        [
            1,
            1,
            1,
            1,
            1,
            1,
            1,
            1,
            0.9999999999999998,
            0.9999999999999998,
            0.9999999999722369,
            0.9999999999722369,
            0.9999501563383789,
            0.9999501563176777,
            0.6345518622985713,
            0.6345517170721285,
            0.5380279344084045,
            0.5380277804315357,
            0.0006621753833451034,
            0.0006621748358754165,
            1.031755775014556e-11,
            1.0317556285536998e-11,
            6.154361106036764e-31,
            6.154360769490327e-31,
            2.1702041897918035e-39
        ],
        [
            1,
            1,
            1,
            1,
            1,
            1,
            1,
            1,
            0.9999999999999998,
            0.9999999999999998,
            0.9999999999993692,
            0.9999999999993692,
            0.9999913380691093,
            0.9999913380691093,
