{
    "n_bands_converge": 22,
    "occupation": [
        [
            1,
            1,
            1,
            1,
            1,
            1,
            1,
            1,
            1,
            0.9999999999999993,
            0.9999999999994962,
            0.9999999998841884,
            0.9999551796769202,
            0.9999551796769202,
            0.9991867270680064,
            1.237619928867439e-6,
            7.661665394158351e-7,
            7.66166539415827e-7,
            9.149182166873016e-8,
            9.149182166872789e-8,
            5.784356875378497e-16,
            1.1323758660171145e-20,
            3.1347721712663015e-28,
            1.3259619645637681e-30,
            1.0055612966369518e-30
        ],
        [
            1,
            1,
            1,
            1,
            1,
            1,
            1,
            1,
            1,
            1,
            0.9999931508310408,
            0.9999931508281245,
            0.9999919978395703,
            0.9999919978345367,
            0.9696445947986835,
            0.9696445786050784,
            0.6530150213304499,
            0.6530148586333183,
            0.008456044744417248,
            0.008456038017355097,
            6.269126858214224e-23,
            6.269125868539374e-23,
            3.5342394486920697e-28,
            3.074137426602392e-28,
            1.1147162151917485e-28
        ],
        [
            1,
            1,
            1,
            1,
            1,
            1,
            1,
            1,
            1,
            1,
            0.9999998989588013,
            0.9999998989588013,
            0.9999994082170527,
            0.9999994082170527,
            0.9999961224115348,
            0.9999961224092855,
            0.0006727016546530523,
            0.0006727011014753452,
            2.984191919864719e-12,
            2.9841919198644535e-12,
            2.3219964510773644e-22,
            2.3219964510774636e-22,
            5.040834339934336e-23,
            5.0408324870293016e-23,
            1.2833408919616e-25
        ],
        [
            1,
            1,
            1,
            1,
            1,
            1,
            1,
            1,
            1,
            0.9999999999999858,
            0.999999999998956,
            0.999999999996529,
            0.9999925866232516,
            0.9999925866232516,
            0.6002077110844488,
            1.3204367510892728e-5,
            2.5105498754446772e-8,
            2.5105498754445343e-8,
            1.202315097332951e-14,
            1.2023150973328229e-14,
            3.686407625812204e-17,
            6.678177080754844e-18,
            4.8188184413083214e-18,
            2.9402425736163954e-27,
            9.660140670971001e-31
        ],
        [
            1,
            1,
            1,
            1,
            1,
            1,
            1,
            1,
            0.9999999999999998,
            0.9999999999999998,
            0.9999999999722371,
            0.9999999999722371,
            0.999950156505495,
            0.9999501564823369,
            0.6345527043352199,
            0.6345525418716452,
            0.5380295031847843,
            0.5380293309321027,
            0.0006621775433442302,
            0.0006621769308918738,
            1.0317582048779672e-11,
            1.031758041033085e-11,
            6.1543656470245205e-31,
            6.154346246121706e-31,
            2.1701449716162385e-39
        ],
        [
            1,
            1,
            1,
            1,
            1,
            1,
            1,
            1,
            0.9999999999999998,
            0.9999999999999998,
            0.9999999999993692,
            0.9999999999993692,
            0.9999913380962612,
            0.9999913380962612,
            0.2977691326350476,
            0.2977689491230095,
            0.2031313978949245,
            0.20313124035817412,
            0.09019250252772805,
            0.09019246928547059,
            7.401553082739279e-6,
            7.401553082739778e-6,
            1.6692528278770922e-20,
            1.669252353367765e-20,
            1.1675012329066842e-26
        ],
        [
            1,
            1,
            1,
            1,
            1,
            1,
            1,
            1,
            1,
            0.9999999999999993,
            0.9999999999994962,
            0.9999999998841882,
            0.9999551795949237,
            0.9999551795949237,
            0.999186726646489,
            1.2376168465017056e-6,
            7.661642079151141e-7,
            7.661642079150625e-7,
            9.149170276613356e-8,
            9.149170276613454e-8,
            5.78433204425455e-16,
            1.1323747671013932e-20,
            3.134763408979867e-28,
            1.3261066201459015e-30,
            1.0055237164766553e-30
        ],
        [
            1,
            1,
            1,
            1,
            1,
            1,
            1,
            1,
            1,
            1,
            0.9999931508166151,
            0.9999931508136989,
            0.9999919978254855,
            0.9999919978204521,
            0.9696445364235464,
            0.9696445202299121,
            0.6530141644700971,
            0.6530140017727799,
            0.008456029631390432,
            0.008456022904341222,
            6.269117769874548e-23,
            6.269116780199708e-23,
            3.5342312292811497e-28,
            2.0849316789054664e-28,
            1.1147140986738517e-28
        ],
        [
            1,
            1,
            1,
            1,
            1,
            1,
            1,
            1,
            1,
            1,
            0.9999998989585219,
            0.9999998989585219,
            0.9999994082158523,
            0.9999994082158523,
            0.9999961224076597,
            0.9999961224054104,
            0.0006726986510632718,
            0.0006726980978880179,
            2.984188063475607e-12,
            2.9841880634746107e-12,
            2.321990282289679e-22,
            2.3219902822892663e-22,
            5.0408204247014275e-23,
            5.0408185448003054e-23,
            1.2833384837254339e-25
        ],
        [
            1,
            1,
            1,
            1,
            1,
            1,
            1,
            1,
            1,
            0.9999999999999858,
            0.999999999998956,
            0.999999999996529,
            0.9999925866075846,
            0.9999925866075846,
            0.6002075055985119,
            1.3204362099520621e-5,
            2.5105461891303462e-8,
            2.5105461891302304e-8,
            1.202311156491383e-14,
            1.2023111564913321e-14,
            3.686403736892891e-17,
            6.678148341392849e-18,
            4.818812999496412e-18,
            2.9402398445027787e-27,
            9.660109324758089e-31
        ],
        [
            1,
            1,
            1,
            1,
            1,
            1,
            1,
            1,
            0.9999999999999998,
            0.9999999999999998,
            0.9999999999722369,
            0.9999999999722369,
            0.9999501564024394,
            0.9999501563792814,
            0.6345522617339157,
            0.6345520992702496,
            0.538028519544111,
            0.5380283472913997,
            0.0006621769332265166,
            0.0006621763207747386,
            1.0317568179696632e-11,
            1.0317566541248654e-11,
            6.154361950108912e-31,
            6.1543616528931485e-31,
            2.17019334126693e-39
        ],
        [
            1,
            1,
            1,
            1,
            1,
            1,
            1,
            1,
            0.9999999999999998,
            0.9999999999999998,
            0.9999999999993692,
            0.9999999999993692,
            0.9999913380677934,
            0.9999913380677934,
