{
    "n_bands_converge": 22,
    "occupation": [
        [
            1,
            1,
            1,
            1,
            1,
            1,
            1,
            1,
            1,
            0.9999999999999993,
            0.9999999999994962,
            0.9999999998841884,
            0.9999551796853553,
            0.9999551796853553,
            0.9991867271735133,
            1.2376219415637886e-6,
            7.661676508507209e-7,
            7.661676508506624e-7,
            9.149177944193076e-8,
            9.149177944192557e-8,
            5.78435617218609e-16,
            1.1323744581114707e-20,
            3.1347077543521957e-28,
            1.324521908706352e-30,
            1.00740968460917e-30
        ],
        [
            1,
            1,
            1,
            1,
            1,
            1,
            1,
            1,
            1,
            1,
            0.9999931508341804,
            0.9999931508323078,
            0.9999919978459997,
            0.9999919978427669,
            0.9696446139933808,
            0.9696446035934043,
            0.6530151640697566,
            0.6530150595812113,
            0.008456044774529903,
            0.00845604045422331,
            6.269134799567308e-23,
            6.269134163971477e-23,
            3.534243731503421e-28,
            1.9267343960431535e-28,
            1.114716819993422e-28
        ],
        [
            1,
            1,
            1,
            1,
            1,
            1,
            1,
            1,
            1,
            1,
            0.999999898959028,
            0.999999898959028,
            0.9999994082175268,
            0.9999994082175268,
            0.9999961224126148,
            0.9999961224111702,
            0.0006727019765424457,
            0.0006727016212763279,
            2.9841905924846974e-12,
            2.984190592483637e-12,
            2.322001966022483e-22,
            2.322001966022483e-22,
            5.040839971698619e-23,
            5.040838764226307e-23,
            1.2833400936677588e-25
        ],
        [
            1,
            1,
            1,
            1,
            1,
            1,
            1,
            1,
            1,
            0.9999999999999858,
            0.999999999998956,
            0.999999999996529,
            0.9999925866283121,
            0.9999925866283121,
            0.600207670865076,
            1.3204360375634076e-5,
            2.5105494617354836e-8,
            2.5105494617353767e-8,
            1.2023168528263671e-14,
            1.2023168528263071e-14,
            3.6864120403530876e-17,
            6.678176963014214e-18,
            4.818830543959185e-18,
            2.9402395387003814e-27,
            9.660138987541547e-31
        ],
        [
            1,
            1,
            1,
            1,
            1,
            1,
            1,
            1,
            0.9999999999999998,
            0.9999999999999998,
            0.9999999999722371,
            0.9999999999722371,
            0.9999501565251147,
            0.999950156510242,
            0.6345527773635872,
            0.6345526730249871,
            0.5380296953610586,
            0.5380295847356331,
            0.0006621772446004925,
            0.0006621768512665279,
            1.0317588283381247e-11,
            1.0317587231124226e-11,
            6.1543758038737225e-31,
            6.154354575373341e-31,
            2.170189291989751e-39
        ],
        [
            1,
            1,
            1,
            1,
            1,
            1,
            1,
            1,
            0.9999999999999998,
            0.9999999999999998,
            0.9999999999993692,
            0.9999999999993692,
            0.9999913381166583,
            0.9999913381166583,
            0.2977691714034689,
            0.29776905354701605,
            0.2031312768709993,
            0.2031311756965131,
            0.09019260503990463,
            0.09019258369076057,
            7.401547693054812e-6,
            7.401547693054561e-6,
            1.6692514095780636e-20,
            1.6692511237936718e-20,
            1.1675023591212053e-26
        ],
        [
            1,
            1,
            1,
            1,
            1,
            1,
            1,
            1,
            1,
            0.9999999999999993,
            0.9999999999994962,
            0.9999999998841882,
            0.9999551795638456,
            0.9999551795638456,
            0.9991867264468387,
            1.237618691736583e-6,
            7.661652581903513e-7,
            7.661652581903092e-7,
            9.149154888899595e-8,
            9.149154888899595e-8,
            5.784320345603324e-16,
            1.132372213532956e-20,
            3.1347582551897145e-28,
            1.3260674733493605e-30,
            1.0056084536446644e-30
        ],
        [
            1,
            1,
            1,
            1,
            1,
            1,
            1,
            1,
            1,
            1,
            0.999993150815012,
            0.9999931508131393,
            0.9999919978263515,
            0.9999919978231188,
            0.9696445334411906,
            0.9696445230411893,
            0.6530139889900851,
            0.6530138845013815,
            0.008456021764051705,
            0.008456017443756677,
            6.26912334355872e-23,
            6.269122707964763e-23,
            3.534235776384702e-28,
            1.176894461163373e-28,
            1.1147142339058255e-28
        ],
        [
            1,
            1,
            1,
            1,
            1,
            1,
            1,
            1,
            1,
            1,
            0.9999998989586965,
            0.9999998989586965,
            0.9999994082158536,
            0.9999994082158536,
            0.9999961224067229,
            0.9999961224052785,
            0.0006726978553405293,
            0.0006726975000766008,
            2.9841829735439683e-12,
            2.9841829735431096e-12,
            2.3219948535561355e-22,
            2.321994853555822e-22,
            5.040826494842396e-23,
            5.040825287515578e-23,
            1.2833362476533692e-25
        ],
        [
            1,
            1,
            1,
            1,
            1,
            1,
            1,
            1,
            1,
            0.9999999999999858,
            0.999999999998956,
            0.999999999996529,
            0.9999925866082847,
            0.9999925866082847,
            0.6002073122446336,
            1.3204346900079142e-5,
            2.510542952341508e-8,
            2.510542952341588e-8,
            1.2023125674174959e-14,
            1.2023125674175472e-14,
            3.6864083034894657e-17,
            6.678135552470453e-18,
            4.818822439241597e-18,
            2.9402342058600126e-27,
            9.660095511016199e-31
        ],
        [
            1,
            1,
            1,
            1,
            1,
            1,
            1,
            1,
            0.9999999999999998,
            0.9999999999999998,
            0.9999999999722369,
            0.9999999999722369,
            0.9999501563843495,
            0.9999501563694769,
            0.6345521658735046,
            0.6345520615348175,
            0.5380283852586069,
            0.5380282746331563,
            0.0006621761229155703,
            0.0006621757295823009,
            1.0317569467004268e-11,
            1.0317568414749167e-11,
            6.15436835735869e-31,
            6.154368169337766e-31,
            2.1701541040259153e-39
        ],
        [
            1,
            1,
            1,
            1,
            1,
            1,
            1,
            1,
            0.9999999999999998,
            0.9999999999999998,
            0.9999999999993692,
            0.9999999999993692,
            0.9999913380813192,
            0.9999913380813192,
            0.2977679045794581,
