{
    "n_bands_converge": 22,
    "occupation": [
        [
            1,
            1,
            1,
            1,
            1,
            1,
            1,
            1,
            1,
            0.9999999999999993,
            0.9999999999994962,
            0.9999999998841884,
            0.9999551796764239,
            0.9999551796764239,
            0.9991867273370252,
            1.237620956164855e-6,
            7.661669924229908e-7,
            7.661669924230329e-7,
            9.149178915276383e-8,
            9.149178915276091e-8,
            5.784351436906342e-16,
            1.1323746062596477e-20,
            3.1347648032695993e-28,
            1.3260008401928441e-30,
            1.0072620340221965e-30
        ],
        [
            1,
            1,
            1,
            1,
            1,
            1,
            1,
            1,
            1,
            1,
            0.9999931508292205,
            0.9999931508272105,
            0.9999919978414211,
            0.9999919978379516,
            0.9696446007930642,
            0.9696445896309703,
            0.6530149163846464,
            0.6530148042390443,
            0.008456043427534804,
            0.008456038790635627,
            6.269132050569346e-23,
            6.26913136839515e-23,
            3.5342419923422126e-28,
            3.4712560112870835e-28,
            1.11471657198815e-28
        ],
        [
            1,
            1,
            1,
            1,
            1,
            1,
            1,
            1,
            1,
            1,
            0.9999998989588881,
            0.9999998989588881,
            0.999999408217227,
            0.999999408217227,
            0.999996122412024,
            0.9999961224104736,
            0.000672701218432787,
            0.0006727008371328264,
            2.9841909059895386e-12,
            2.9841909059875563e-12,
            2.321998896756992e-22,
            2.3219988967568934e-22,
            5.0408374959087773e-23,
            5.0408362028959716e-23,
            1.2833398125302283e-25
        ],
        [
            1,
            1,
            1,
            1,
            1,
            1,
            1,
            1,
            1,
            0.9999999999999858,
            0.999999999998956,
            0.999999999996529,
            0.999992586625621,
            0.999992586625621,
            0.6002077040323557,
            1.3204366342768717e-5,
            2.5105494143400803e-8,
            2.5105494143400803e-8,
            1.2023155510904953e-14,
            1.2023155510905209e-14,
            3.686411066036955e-17,
            6.67817126694616e-18,
            4.818825396090858e-18,
            2.9402177307270625e-27,
            9.660119045722444e-31
        ],
        [
            1,
            1,
            1,
            1,
            1,
            1,
            1,
            1,
            0.9999999999999998,
            0.9999999999999998,
            0.9999999999722371,
            0.9999999999722371,
            0.999950156488788,
            0.9999501564728255,
            0.6345527210155314,
            0.6345526090309112,
            0.5380294209508851,
            0.5380293022187257,
            0.0006621773373816495,
            0.0006621769152241172,
            1.0317586451402598e-11,
            1.0317585322034513e-11,
            6.1543723150508185e-31,
            6.154349760256346e-31,
            2.1698818011830142e-39
        ],
        [
            1,
            1,
            1,
            1,
            1,
            1,
            1,
            1,
            0.9999999999999998,
            0.9999999999999998,
            0.9999999999993692,
            0.9999999999993692,
            0.9999913381017687,
            0.9999913381017687,
            0.2977689617430766,
            0.2977688352500215,
            0.20313134196388222,
            0.20313123337531486,
            0.09019257422181438,
            0.09019255130822067,
            7.401549453230472e-6,
            7.401549453230221e-6,
            1.6692512500828192e-20,
            1.669250977954734e-20,
            1.167502091459368e-26
        ],
        [
            1,
            1,
            1,
            1,
            1,
            1,
            1,
            1,
            1,
            0.9999999999999993,
            0.9999999999994962,
            0.9999999998841884,
            0.9999551795993682,
            0.9999551795993682,
            0.9991867271484283,
            1.2376185016917906e-6,
            7.661651103077949e-7,
            7.661651103077704e-7,
            9.149166478254138e-8,
            9.149166478253747e-8,
            5.78432779028809e-16,
            1.1323734940531529e-20,
            3.134761596608526e-28,
            1.3260620252999923e-30,
            1.0054853508730857e-30
        ],
        [
            1,
            1,
            1,
            1,
            1,
            1,
            1,
            1,
            1,
            1,
            0.9999931508163065,
            0.9999931508142966,
            0.9999919978300333,
            0.9999919978265638,
            0.9696445481283711,
            0.9696445369662593,
            0.6530141220364791,
            0.6530140098907516,
            0.008456029046014503,
            0.00845602440912389,
            6.269125339619211e-23,
            6.269124657449398e-23,
            3.5342361030732137e-28,
            1.8455029145884304e-28,
            1.1147148339283829e-28
        ],
        [
            1,
            1,
            1,
            1,
            1,
            1,
            1,
            1,
            1,
            1,
            0.9999998989586532,
            0.9999998989586532,
            0.9999994082161332,
            0.9999994082161332,
            0.9999961224092977,
            0.9999961224077474,
            0.0006726984072135809,
            0.0006726980259153322,
            2.984186820382988e-12,
            2.9841868203832528e-12,
            2.321994015700092e-22,
            2.3219940156998777e-22,
            5.040826519838344e-23,
            5.040825224038299e-23,
            1.283337456035251e-25
        ],
        [
            1,
            1,
            1,
            1,
            1,
            1,
            1,
            1,
            1,
            0.9999999999999858,
            0.999999999998956,
            0.999999999996529,
            0.999992586612058,
            0.999992586612058,
            0.6002075370624672,
            1.3204362137257042e-5,
            2.5105457521512226e-8,
            2.510545752151e-8,
            1.2023121762447798e-14,
            1.2023121762447542e-14,
            3.686409584813498e-17,
            6.678143887958279e-18,
            4.818821202776173e-18,
            2.9402370911117437e-27,
            9.660103793701193e-31
        ],
        [
            1,
            1,
            1,
            1,
            1,
            1,
            1,
            1,
            0.9999999999999998,
            0.9999999999999998,
            0.9999999999722369,
            0.9999999999722369,
            0.9999501563949993,
            0.9999501563790367,
            0.6345523264176568,
            0.6345522144330213,
            0.5380285169094544,
            0.5380283981773174,
            0.0006621768074429475,
            0.0006621763852857457,
            1.0317576419096776e-11,
            1.0317575289730487e-11,
            6.154369680661114e-31,
            6.154369036357371e-31,
            2.1701445378339375e-39
        ],
        [
            1,
            1,
            1,
            1,
            1,
            1,
            1,
            1,
            0.9999999999999998,
            0.9999999999999998,
            0.9999999999993692,
            0.9999999999993692,
            0.9999913380766328,
            0.9999913380766328,
            0.2977681058717253,
